"","SKEP","Year","Fno","Identifier","DVS","DVS2","WS","WS2","Wstress"
"1","SKEPI",2011,"1","SKP-IN-COI-RAM-WS2011-1","40",90,6,6,-1
"2","SKEPI",2011,"2","SKP-IN-COI-RAM-WS2011-2","50",90,6,7,-1
"3","SKEPI",2011,"3","SKP-IN-COI-KAL-WS2011-3","50",90,7,7,0
"4","SKEPI",2011,"4","SKP-IN-COI-KAL-WS2011-4","50",90,7,7,0
"5","SKEPI",2011,"5","SKP-IN-COI-ANA-WS2011-5","50",60,7,7,0
"6","SKEPI",2011,"6","SKP-IN-COI-RAM-WS2011-6","40",90,2,7,-1
"7","SKEPI",2011,"7","SKP-IN-ERO-MAN-WS2011-7","40",90,5,9,-1
"8","SKEPI",2011,"8","SKP-IN-COI-KAL-WS2011-8","40",90,2,7,-1
"9","SKEPI",2011,"9","SKP-IN-COI-MAL-WS2011-9","40",90,2,2,-1
"10","SKEPI",2011,"10","SKP-IN-COI-MAL-WS2011-10","40",90,7,7,0
"11","SKEPI",2010,"11","SKEP-IN-COI-MAY-WS2010-11","40",90,6,6,-1
"12","SKEPI",2010,"12","SKEP-IN-COI-MAY-WS2010-12","40",90,2,2,-1
"13","SKEPI",2010,"13","SKEP-IN-COI-MAY-WS2010-13","40",90,3,6,-1
"14","SKEPI",2010,"14","SKEP-IN-COI-MAY-WS2010-14","50",90,5,5,-1
"15","SKEPI",2010,"15","SKEP-IN-COI-MAY-WS2010-15","40",90,3,5,-1
"16","SKEPI",2010,"16","SKEP-IN-COI-MAY-WS2010-16","40",90,2,7,-1
"17","SKEPI",2010,"17","SKEP-IN-COI-MAY-WS2010-17","50",90,2,7,-1
"18","SKEPI",2011,"18","SKP-IN-COI-NEL-WS2011-18","40",90,6,7,-1
"19","SKEPI",2011,"19","SKEP-IN-COI-MAY-WS2010-19","40",90,2,3,-1
"20","SKEPI",2011,"20","SKEP-IN-COI-MAY-WS2010-20","40",90,6,7,-1
"21","SKEPI",2011,"21","SKEP-IN-COI-MAY-WS2010-21","40",90,0,6,-1
"22","SKEPI",2011,"22","SKEP-IN-COI-MAY-WS2010-22","50",90,2,8,-1
"23","SKEPI",2011,"23","SKEP-IN-COI-MAY-WS2010-23","40",90,6,6,-1
"24","SKEPI",2011,"24","SKP-IN-COI-ANA-WS2011-24","40",90,2,7,-1
"25","SKEPI",2010,"25","SKEP-IN-COI-MAY-WS2010-25","40",90,6,7,-1
"26","SKEPI",2010,"26","SKEP-IN-COI-MAY-WS2010-26","50",90,6,6,-1
"27","SKEPI",2011,"27","SKP-IN-COI-MAL-WS2011-27","40",90,6,7,-1
"28","SKEPI",2011,"28","SKP-IN-COI-ANA-WS2011-28","50",90,7,7,0
"29","SKEPI",2011,"29","SKEP-IN-COI-MAY-WS2010-29","50",90,7,7,0
"30","SKEPI",2011,"30","SKEP-IN-COI-MAY-WS2010-30","40",90,2,7,-1
"31","SKEPI",2011,"1","SKEP-IN-ERO-OPA-DS2011-1","50",90,5,6,-1
"32","SKEPI",2011,"2","SKEP-IN-ERO-OPA-DS2011-2","50",90,5,7,-1
"33","SKEPI",2011,"3","SKEP-IN-ERO-THA-DS2011-3","50",90,6,7,-1
"34","SKEPI",2011,"4","SKEP-IN-ERO-MIL-DS2011-4","50",90,7,7,0
"35","SKEPI",2011,"5","SKEP-IN-ERO-KET-DS2011-5","50",90,6,7,-1
"36","SKEPI",2011,"6","SKEP-IN-ERO-PER-DS2011-6","50",90,2,7,-1
"37","SKEPI",2011,"7","SKEP-IN-ERO-PER-DS2011-7","50",90,5,9,-1
"38","SKEPI",2011,"8","SKEP-IN-ERO-PAL-DS2011-8","50",90,4,7,-1
"39","SKEPI",2011,"9","SKEP-IN-ERO-KAN-DS2011-9","50",90,5,2,-1
"40","SKEPI",2011,"10","SKEP-IN-ERO-KET-DS2011-10","50",90,7,7,0
"41","SKEPI",2011,"11","SKEP-IN-ERO-KAK-DS2011-11","50",90,6,6,-1
"42","SKEPI",2011,"12","SKEP-IN-ERO-GAN-DS2011-12","50",90,4,7,-1
"43","SKEPI",2011,"13","SKEP-IN-ERO-KET-DS2011-13","50",90,3,6,-1
"44","SKEPI",2011,"14","SKEP-IN-ERO-MET-DS2011-14","50",90,5,5,-1
"45","SKEPI",2011,"15","SKEP-IN-ERO-PER-DS2011-15","50",90,3,5,-1
"46","SKEPI",2011,"16","SKEP-IN-ERO-PUD-DS2011-16","50",90,2,7,-1
"47","SKEPI",2011,"17","SKEP-IN-ERO-KAN-DS2011-17","50",90,2,7,-1
"48","SKEPI",2011,"18","SKEP-IN-ERO-KOT-DS2011-18","50",90,6,7,-1
"49","SKEPI",2011,"19","SKEP-IN-ERO-MOO-DS2011-19","50",90,2,3,-1
"50","SKEPI",2011,"20","SKEP-IN-ERO-VED-DS2011-20","50",90,6,7,-1
"51","SKEPI",2011,"21","SKEP-IN-ERO-VED-DS2011-21","50",90,6,6,-1
"52","SKEPI",2011,"22","SKEP-IN-ERO-VED-DS2011-22","50",90,2,8,-1
"53","SKEPI",2011,"23","SKEP-IN-ERO-VED-DS2011-23","50",90,4,6,-1
"54","SKEPI",2011,"24","SKEP-IN-ERO-SAL-DS2011-24","50",90,6,6,-1
"55","SKEPI",2011,"25","SKEP-IN-ERO-VED-DS2011-25","50",90,4,7,-1
"56","SKEPI",2011,"26","SKEP-IN-ERO-THA-DS2011-26","50",90,6,7,-1
"57","SKEPI",2011,"27","SKEP-IN-ERO-THE-DS2011-27","50",90,6,7,-1
"58","SKEPI",2011,"28","SKEP-IN-ERO-CHI-DS2011-28","50",90,7,7,0
"59","SKEPI",2011,"29","SKEP-IN-ERO-CHI-DS2011-29","50",90,7,7,0
"60","SKEPI",2011,"30","SKEP-IN-ERO-PUT-DS2011-30","50",90,4,7,-1
"61","SKEPI",2010,"9","SKP-ID-WJ-CIP-WS2010-9","60",100,6,2,-1
"62","SKEPI",2010,"11","SKP-ID-WJ-PUR-WS2010-11","60",90,0,8,-1
"63","SKEPI",2010,"18","SKP-ID-WJ-SUB-WS2010-18","60",100,0,3,-1
"64","SKEPI",2010,"19","SKP-ID-WJ-PAM-WS2010-19","60",90,8,0,-1
"65","SKEPI",2010,"20","SKP-ID-WJ-SUB-WS2010-20","60",90,0,6,-1
"66","SKEPI",2010,"Field 1","SKP-PH-LAG-BAY-WS2010-1","40",100,7,7,0
"67","SKEPI",2010,"Field 2","SKP-PH-LAG-BAY-WS2010-2","40",100,7,7,0
"68","SKEPI",2010,"Field 3","SKP-PH-LAG-BAY-WS2010-3","40",100,5,3,-1
"69","SKEPI",2010,"Field 4","SKP-PH-LAG-BAY-WS2010-4","40",100,5,3,-1
"70","SKEPI",2010,"Field 5","SKP-PH-LAG-CAL-WS2010-5","40",100,3,3,-1
"71","SKEPI",2010,"Field 6","SKP-PH-LAG-CAL-WS2010-6","40",100,3,3,-1
"72","SKEPI",2010,"Field 7","SKP-PH-LAG-CAL-WS2010-7","40",100,7,3,0
"73","SKEPI",2010,"Field 8","SKP-PH-LAG-CAL-WS2010-8","40",100,7,3,0
"74","SKEPI",2010,"Field 9","SKP-PH-LAG-CAL-WS2010-9","40",100,7,3,0
"75","SKEPI",2010,"Field 10","SKP-PH-LAG-CAL-WS2010-10","40",100,7,2,0
"76","SKEPI",2010,"Field 11","SKP-PH-LAG-PAG-WS2010-11","40",100,4,2,-1
"77","SKEPI",2010,"Field 12","SKP-PH-LAG-PAG-WS2010-12","40",100,7,7,0
"78","SKEPI",2010,"Field 13","SKP-PH-LAG-PAG-WS2010-13","40",100,5,7,-1
"79","SKEPI",2010,"Field 14","SKP-PH-LAG-PAG-WS2010-14","40",100,5,3,-1
"80","SKEPI",2010,"Field 15","SKP-PH-LAG-PAG-WS2010-15","40",100,7,3,0
"81","SKEPI",2010,"Field 16","SKP-PH-LAG-PAG-WS2010-16","40",100,7,2,0
"82","SKEPI",2010,"Field 17","SKP-PH-LAG-PAG-WS2010-17","40",100,7,2,0
"83","SKEPI",2010,"Field 18","SKP-PH-LAG-PAG-WS2010-18","40",100,2,2,-1
"84","SKEPI",2010,"Field 19","SKP-PH-LAG-PAG-WS2010-19","40",100,2,2,-1
"85","SKEPI",2010,"Field 20","SKP-PH-LAG-PAG-WS2010-20","40",100,7,2,0
"86","SKEPI",2010,"Field 21","SKP-VN-ST-AN-WS2010-1","40",90,3,1,-1
"87","SKEPI",2010,"Field 22","SKP-VN-AG-BH-WS2010-2","40",90,3,1,-1
"88","SKEPI",2010,"Field 23","SKP-VN-AG-BH-WS2010-3","40",90,6,1,-1
"89","SKEPI",2010,"Field 24","SKP-VN-AG-BH-WS2010-4","40",90,10,8,1
"90","SKEPI",2010,"Field 25","SKP-VN-DT-MH-WS2010-5","40",90,8,1,-1
"91","SKEPI",2010,"Field 26","SKP-VN-DT-TK-WS2010-6","40",90,10,1,1
"92","SKEPI",2010,"Field 27","SKP-VN-DT-TK-WS2010-7","40",90,10,2,1
"93","SKEPI",2010,"Field 28","SKP-VN-HG-VT-WS2010-8","40",90,9,1,0
"94","SKEPI",2010,"Field 29","SKP-VN-HG-VT-WS2010-9","40",90,6,6,-1
"95","SKEPI",2010,"Field 30","SKP-VN-HG-VT-WS2010-10","40",90,7,11,0
"96","SKEPI",2010,"Field 31","SKP-VN-LA-TT-WS2010-11","40",90,10,2,1
"97","SKEPI",2010,"Field 32","SKP-VN-LA-TT-WS2010-12","40",90,5,1,-1
"98","SKEPI",2010,"Field 33","SKP-VN-LA-TT-WS2010-13","40",90,5,1,-1
"99","SKEPI",2010,"Field 34","SKP-VN-ST-AN-WS2010-14","40",90,2,2,-1
"100","SKEPI",2010,"Field 35","SKP-VN-ST-AN-WS2010-15","40",90,7,1,0
"101","SKEPI",2010,"Field 36","SKP-VN-VL-DT-WS2010-16","40",90,6,7,-1
"102","SKEPI",2010,"Field 37","SKP-VN-VL-DT-WS2010-17","40",90,6,7,-1
"103","SKEPI",2010,"Field 38","SKP-VN-VL-DT-WS2010-18","40",90,5,6,-1
"104","SKEPI",2010,"Field 39","SKP-VN-VL-THU-WS2010-19","40",90,6,6,-1
"105","SKEPI",2010,"Field 40","SKP-VN-VL-TUO-WS2010-20","40",90,6,6,-1
"106","SKEPI",2010,"Field 41","SKP-VN-CAT-PHU-WS2010-21","40",90,8,8,-1
"107","SKEPI",2010,"Field 42","SKP-VN-CAT-PHU-WS2010-22","40",90,1,8,-1
"108","SKEPI",2010,"Field 43","SKP-VN-CAT-TRU-WS2010-23","40",90,6,6,-1
"109","SKEPI",2010,"Field 44","SKP-VN-CAT-TRU-WS2010-24","40",90,6,6,-1
"110","SKEPI",2010,"Field 45","SKP-VN-CAT-TH-WS2010-25","40",90,8,8,-1
"111","SKEPI",2010,"Field 46","SKP-VN-CAT-TK-WS2010-26","40",90,8,8,-1
"112","SKEPI",2010,"Field 47","SKP-VN-CAT-TH-WS2010-27","40",90,6,5,-1
"113","SKEPI",2010,"Field 48","SKP-VN-CAT-TK-WS2010-28","40",90,6,8,-1
"114","SKEPI",2010,"Field 49","SKP-VN-CAT-TK-WS2010-29","40",90,6,9,-1
"115","SKEPI",2010,"Field 50","SKP-VN-CAT-TK-WS2010-30","40",90,0,3,-1
"116","SKEPI",2010,"Field 51","SKP-TH-CHA-HUN-WS2010-1","40",70,8,8,-1
"117","SKEPI",2010,"Field 52","SKP-TH-CHA-HUN-WS2010-2","40",70,9,4,0
"118","SKEPI",2010,"Field 53","SKP-TH-CHA-HUN-WS2010-3","40",70,9,4,0
"119","SKEPI",2010,"Field 54","SKP-TH-SUP-DB-WS2010-4","40",70,2,2,-1
"120","SKEPI",2010,"Field 55","SKP-TH-SUP-DB-WS2010-5","40",70,2,2,-1
"121","SKEPI",2010,"Field 56","SKP-TH-SUP-DB-WS2010-6","40",70,5,5,-1
"122","SKEPI",2010,"Field 57","SKP-TH-SUP-DB-WS2010-7","40",70,5,5,-1
"123","SKEPI",2010,"Field 58","SKP-TH-SUP-DB-WS2010-8","40",70,5,5,-1
"124","SKEPI",2010,"Field 59","SKP-TH-SUP-DB-WS2010-9","40",70,4,4,-1
"125","SKEPI",2010,"Field 60","SKP-TH-SUP-DB-WS2010-10","40",70,4,4,-1
"126","SKEPI",2010,"Field 61","SKP-TH-SUP-DB-WS2010-11","40",70,4,4,-1
"127","SKEPI",2010,"Field 62","SKP-TH-SUP-DON-WS2010-12","40",70,4,4,-1
"128","SKEPI",2010,"Field 63","SKP-TH-SUP-DON-WS2010-13","40",70,4,4,-1
"129","SKEPI",2010,"Field 64","SKP-TH-SUP-DON-WS2010-14","40",70,4,4,-1
"130","SKEPI",2010,"Field 65","SKP-TH-SUP-DON-WS2010-15","40",70,4,4,-1
"131","SKEPI",2010,"Field 66","SKP-TH-SUP-DON-WS2010-16","40",70,4,4,-1
"132","SKEPI",2010,"Field 67","SKP-TH-SUP-DON-WS2010-17","40",70,4,4,-1
"133","SKEPI",2010,"Field 68","SKP-TH-SUP-DON-WS2010-18","40",70,4,4,-1
"134","SKEPI",2010,"Field 69","SKP-TH-SUP-DON-WS2010-19","40",70,4,4,-1
"135","SKEPI",2010,"Field 70","SKP-TH-SUP-DON-WS2010-20","40",70,4,4,-1
"136","SKEPI",2011,"Field 141","SKP-TH-ANG-WIS-WS2011-1","40",70,4,1,-1
"137","SKEPI",2011,"Field 142","SKP-TH-ANG-PHO-WS2011-2","40",70,1,1,-1
"138","SKEPI",2011,"Field 143","SKP-TH-ANG-PHO-WS2011-3","40",70,4,2,-1
"139","SKEPI",2011,"Field 144","SKP-TH-ANG-PHO-WS2011-4","40",70,9,2,0
"140","SKEPI",2011,"Field 145","SKP-TH-ANG-PHO-WS2011-5","40",70,2,2,-1
"141","SKEPI",2011,"Field 146","SKP-TH-PHK-PHR-WS2011-6","40",70,5,2,-1
"142","SKEPI",2011,"Field 147","SKP-TH-PHK-PHR-WS2011-7","40",70,5,1,-1
"143","SKEPI",2011,"Field 148","SKP-TH-PHK-PHR-WS2011-8","40",70,4,4,-1
"144","SKEPI",2011,"Field 149","SKP-TH-PHK-PHR-WS2011-9","40",70,4,4,-1
"145","SKEPI",2011,"Field 150","SKP-TH-PHK-PHR-WS2011-10","40",70,1,1,-1
"146","SKEPI",2011,"Field 151","SKP-TH-SUK-KON-WS2011-11","40",70,5,1,-1
"147","SKEPI",2011,"Field 152","SKP-TH-SUP-NON-WS2011-12","40",70,9,4,0
"148","SKEPI",2011,"Field 153","SKP-TH-SUP-DB-WS2011-13","40",70,2,1,-1
"149","SKEPI",2011,"Field 154","SKP-TH-SUP-SRI-WS2011-14","40",70,4,4,-1
"150","SKEPI",2011,"Field 155","SKP-TH-ANG-MUA-WS2011-15","40",70,5,1,-1
"151","SKEPI",2011,"Field 156","SKP-TH-SUP-SRI-WS2011-16","40",70,6,6,-1
"152","SKEPI",2011,"Field 157","SKP-TH-SUP-SRI-WS2011-17","40",70,6,6,-1
"153","SKEPI",2011,"Field 158","SKP-TH-SUP-SRI-WS2011-18","40",70,6,6,-1
"154","SKEPI",2011,"Field 159","SKP-TH-SUP-SRI-WS2011-19","40",70,6,6,-1
"155","SKEPI",2011,"Field 160","SKP-TH-SUP-SRI-WS2011-20","40",70,6,6,-1
"156","SKEPI",2011,"Field 161","SKP-TH-SUP-SRI-WS2011-21","40",70,6,6,-1
"157","SKEPI",2011,"Field 162","SKP-TH-SUP-SRI-WS2011-22","40",70,6,6,-1
"158","SKEPI",2011,"Field 163","SKP-TH-SUP-SRI-WS2011-23","40",70,6,6,-1
"159","SKEPI",2011,"Field 164","SKP-TH-SUP-SRI-WS2011-24","40",70,6,6,-1
"160","SKEPI",2011,"Field 165","SKP-TH-SUP-SRI-WS2011-25","40",70,6,6,-1
"161","SKEPI",2011,"Field 166","SKP-TH-SUP-SRI-WS2011-26","40",70,6,6,-1
"162","SKEPI",2011,"Field 167","SKP-TH-SUP-SRI-WS2011-27","40",70,6,6,-1
"163","SKEPI",2011,"Field 168","SKP-TH-SUP-SRI-WS2011-28","40",70,6,6,-1
"164","SKEPI",2011,"Field 169","SKP-TH-SUP-SRI-WS2011-29","40",70,6,6,-1
"165","SKEPI",2011,"Field 170","SKP-TH-SUP-SRI-WS2011-30","40",70,6,6,-1
"166","SKEPI",2011,"Field 171","SKP-TH-SUP-SRI-WS2011-31","40",70,6,6,-1
"167","SKEPI",2011,"Field 172","SKP-TH-SUP-SRI-WS2011-32","40",70,6,6,-1
"168","SKEPI",2011,"Field 173","SKP-TH-SUP-SRI-WS2011-33","40",70,6,6,-1
"169","SKEPI",2011,"Field 174","SKP-TH-SUP-SRI-WS2011-34","40",70,6,6,-1
"170","SKEPI",2011,"Field 175","SKP-TH-SUP-SRI-WS2011-35","40",70,6,6,-1
"171","SKEPI",2011,"Field 176","SKP-TH-SUP-SRI-WS2011-36","40",70,6,6,-1
"172","SKEPI",2011,"Field 177","SKP-TH-SUP-SRI-WS2011-37","40",70,6,6,-1
"173","SKEPI",2011,"Field 178","SKP-TH-SUP-SRI-WS2011-38","40",70,6,6,-1
"174","SKEPI",2011,"Field 179","SKP-TH-SUP-SRI-WS2011-39","40",70,6,6,-1
"175","SKEPI",2011,"Field 180","SKP-TH-SUP-SRI-WS2011-40","40",70,6,6,-1
"176","SKEPI",2011,"Field 181","SKP-TH-SUP-SRI-WS2011-41","40",70,1,6,-1
"177","SKEPI",2011,"Field 182","SKP-TH-SUP-SRI-WS2011-42","40",70,6,6,-1
"178","SKEPI",2011,"Field 183","SKP-TH-SUP-SRI-WS2011-43","40",70,6,6,-1
"179","SKEPI",2011,"Field 184","SKP-TH-SUP-SRI-WS2011-44","40",70,6,6,-1
"180","SKEPI",2011,"Field 185","SKP-TH-SUP-SRI-WS2011-45","40",70,6,6,-1
"181","SKEPI",2010,"Field 71","SKP-ID-WJ-CIK-WS2010-1","30",90,7,3,0
"182","SKEPI",2010,"Field 72","SKP-ID-WJ-PAM-WS2010-2","50",90,5,2,-1
"183","SKEPI",2010,"Field 73","SKP-ID-WJ-PUR-WS2010-3","60",90,7,2,0
"184","SKEPI",2010,"Field 74","SKP-ID-WJ-PUR-WS2010-4","20",90,8,2,-1
"185","SKEPI",2010,"Field 75","SKP-ID-WJ-PUR-WS2010-5","30",90,7,3,0
"186","SKEPI",2010,"Field 76","SKP-ID-WJ-CIK-WS2010-6","50",90,9,3,0
"187","SKEPI",2010,"Field 77","SKP-ID-WJ-SUB-WS2010-7","30",50,7,5,0
"188","SKEPI",2010,"Field 78","SKP-ID-WJ-PUR-WS2010-8","20",90,9,2,0
"189","SKEPI",2010,"Field 80","SKP-ID-WJ-GAR-WS2010-10","40",90,4,7,-1
"190","SKEPI",2010,"Field 82","SKP-ID-WJ-WAN-WS2010-12","30",100,7,3,0
"191","SKEPI",2010,"Field 83","SKP-ID-WJ-PUR-WS2010-13","20",90,4,3,-1
"192","SKEPI",2010,"Field 84","SKP-ID-WJ-SUK-WS2010-14","30",70,9,5,0
"193","SKEPI",2010,"Field 85","SKP-ID-WJ-CIK-WS2010-15","50",90,7,7,0
"194","SKEPI",2010,"Field 86","SKP-ID-WJ-CIK-WS2010-16","50",90,5,7,-1
"195","SKEPI",2010,"Field 87","SKP-ID-WJ-CIK-WS2010-17","30",85,5,3,-1
"196","SKEPI",2010,"Field 91","SKP-ID-WJ-CIK-WS2010-21","40",100,9,5,0
"197","SKEPI",2010,"Field 92","SKP-ID-WJ-GAR-WS2010-22","40",100,7,6,0
"198","SKEPI",2010,"Field 93","SKP-ID-WJ-GAR-WS2010-23","80",100,8,2,0
"199","SKEPI",2010,"Field 94","SKP-ID-WJ-GAR-WS2010-24","40",100,7,5,0
"200","SKEPI",2010,"Field 95","SKP-ID-WJ-GAR-WS2010-25","40",100,7,7,0
"201","SKEPI",2010,"Field 101","SKP-IN-ERO-SEN-WS2010-1","50",90,2,7,-1
"202","SKEPI",2010,"Field 102","SKP-IN-ERO-MET-WS2010-2","50",90,5,9,-1
"203","SKEPI",2010,"Field 103","SKP-IN-ERO-MKD-WS2010-3","50",90,2,7,-1
"204","SKEPI",2010,"Field 104","SKP-IN-ERO-KET-WS2010-4","50",90,2,2,-1
"205","SKEPI",2010,"Field 105","SKP-IN-ERO-KUN-WS2010-5","50",90,7,7,0
"206","SKEPI",2010,"Field 106","SKP-IN-ERO-MAR-WS2010-6","50",90,6,6,-1
"207","SKEPI",2010,"Field 107","SKP-IN-ERO-MLL-WS2010-7","50",90,2,2,-1
"208","SKEPI",2010,"Field 108","SKP-IN-ERO-VED-WS2010-8","50",90,3,6,-1
"209","SKEPI",2010,"Field 109","SKP-IN-ERO-NAC-WS2010-9","50",90,5,5,-1
"210","SKEPI",2010,"Field 110","SKP-IN-ERO-JAL-WS2010-10","50",90,3,5,-1
"211","SKEPI",2010,"Field 111","SKP-IN-ERO-UKK-WS2010-11","50",90,2,7,-1
"212","SKEPI",2010,"Field 112","SKP-IN-ERO-THA-WS2010-12","50",90,2,7,-1
"213","SKEPI",2010,"Field 113","SKP-IN-ERO-PAZ-WS2010-13","50",90,6,7,-1
"214","SKEPI",2010,"Field 114","SKP-IN-ERO-THA-WS2010-14","50",90,2,3,-1
"215","SKEPI",2010,"Field 115","SKP-IN-ERO-PUL-WS2010-15","50",90,6,7,-1
"216","SKEPI",2010,"Field 116","SKP-IN-ERO-RAN-WS2010-16","50",90,6,6,-1
"217","SKEPI",2010,"Field 117","SKP-IN-ERO-MET-WS2010-17","50",90,2,8,-1
"218","SKEPI",2010,"Field 118","SKP-IN-ERO-SEN-WS2010-18","50",90,6,6,-1
"219","SKEPI",2010,"Field 119","SKP-IN-ERO-MET-WS2010-19","50",90,2,7,-1
"220","SKEPI",2010,"Field 120","SKP-IN-ERO-PER-WS2010-20","50",90,6,7,-1
"221","SKEPI",2011,"Field 186","SKP-ID-WJ-SUM-DS2011-1","60",100,3,1,-1
"222","SKEPI",2011,"Field 187","SKP-ID-WJ-SUM-DS2011-2","60",100,5,2,-1
"223","SKEPI",2011,"Field 188","SKP-ID-WJ-SUM-DS2011-3","40",100,3,2,-1
"224","SKEPI",2011,"Field 189","SKP-ID-WJ-SUM-DS2011-4","40",100,6,6,-1
"225","SKEPI",2011,"Field 190","SKP-ID-WJ-SUM-DS2011-5","60",100,3,1,-1
"226","SKEPI",2011,"Field 191","SKP-ID-WJ-SUM-DS2011-6","40",90,5,2,-1
"227","SKEPI",2011,"Field 192","SKP-ID-WJ-SUM-DS2011-7","50",90,1,1,-1
"228","SKEPI",2011,"Field 193","SKP-ID-WJ-CIR-DS2011-8","50",90,4,1,-1
"229","SKEPI",2011,"Field 194","SKP-ID-WJ-KUN-DS2011-9","70",90,5,2,0
"230","SKEPI",2011,"Field 195","SKP-ID-WJ-KUN-DS2011-10","40",90,6,3,-1
"231","SKEPI",2011,"Field 196","SKP-ID-WJ-KUN-DS2011-11","50",90,7,2,0
"232","SKEPI",2011,"Field 197","SKP-ID-WJ-MAJ-DS2011-12","40",90,7,3,0
"233","SKEPI",2011,"Field 198","SKP-ID-WJ-MAJ-DS2011-13","50",100,7,2,0
"234","SKEPI",2011,"Field 199","SKP-ID-WJ-MAJ-DS2011-14","40",90,6,2,-1
"235","SKEPI",2011,"Field 200","SKP-ID-WJ-MAJ-DS2011-15","40",90,6,2,-1
"236","SKEPI",2011,"Field 201","SKP-ID-WJ-MAJ-DS2011-16","50",90,4,1,-1
"237","SKEPI",2011,"Field 202","SKP-ID-WJ-GAR-DS2011-17","40",90,6,1,-1
"238","SKEPI",2011,"Field 203","SKP-ID-WJ-GAR-DS2011-18","40",90,7,4,0
"239","SKEPI",2011,"Field 204","SKP-ID-WJ-GAR-DS2011-19","70",100,2,1,-1
"240","SKEPI",2011,"Field 205","SKP-ID-WJ-GAR-DS2011-20","40",90,7,2,0
"241","SKEPI",2011,"Field 206","SKP-ID-WJ-GAR-DS2011-21","50",100,7,2,0
"242","SKEPI",2011,"Field 207","SKP-ID-WJ-KUN-DS2011-22","40",90,1,1,-1
"243","SKEPI",2011,"Field 208","SKP-ID-WJ-CIA-DS2011-23","50",90,2,1,-1
"244","SKEPI",2011,"Field 209","SKP-ID-WJ-CIA-DS2011-24","60",100,7,6,0
"245","SKEPI",2011,"Field 210","SKP-ID-WJ-CIA-DS2011-25","40",90,7,4,0
"246","SKEPI",2011,"Field 211","SKP-ID-WJ-CIA-DS2011-26","80",100,7,2,0
"247","SKEPI",2011,"Field 212","SKP-ID-WJ-CIA-DS2011-27","40",90,7,3,0
"248","SKEPI",2011,"Field 213","SKP-ID-WJ-CIA-DS2011-28","40",100,9,3,0
"249","SKEPI",2011,"Field 214","SKP-ID-WJ-GAR-DS2011-29","40",90,7,3,0
"250","SKEPI",2011,"Field 215","SKP-ID-WJ-KEC-DS2011-30","40",90,7,2,0
"251","SKEPI",2011,"Field 216","SKP-ID-WJ-BAN-DS2011-31","40",90,6,2,-1
"252","SKEPI",2011,"Field 217","SKP-ID-WJ-SUM-DS2011-32","40",90,2,2,-1
"253","SKEPI",2011,"Field 218","SKP-ID-WJ-BAN-DS2011-33","40",100,7,3,0
"254","SKEPI",2011,"Field 219","SKP-ID-WJ-BAN-DS2011-34","40",100,3,2,-1
"255","SKEPI",2011,"Field 220","SKP-ID-WJ-BAN-DS2011-35","40",100,3,1,-1
"256","SKEPI",2011,"Field 221","SKP-ID-WJ-CNJ-DS2011-36","40",90,3,3,-1
"257","SKEPI",2011,"Field 222","SKP-ID-WJ-CNJ-DS2011-37","40",100,2,2,-1
"258","SKEPI",2011,"Field 223","SKP-ID-WJ-CNJ-DS2011-38","40",90,7,2,0
"259","SKEPI",2011,"Field 224","SKP-ID-WJ-CNJ-DS2011-39","40",100,6,3,-1
"260","SKEPI",2011,"Field 225","SKP-ID-WJ-CNJ-DS2011-40","40",90,7,2,0
"261","SKEPI",2011,"Field 226","SKP-ID-WJ-SUK-DS2011-41","40",90,6,2,-1
"262","SKEPI",2011,"Field 227","SKP-ID-WJ-SUK-DS2011-42","40",90,6,3,-1
"263","SKEPI",2011,"Field 228","SKP-ID-WJ-CNJ-DS2011-43","40",90,3,1,-1
"264","SKEPI",2011,"Field 229","SKP-ID-WJ-BOG-DS2011-44","40",90,6,3,-1
"265","SKEPI",2011,"Field 230","SKP-ID-WJ-BOG-DS2011-45","40",90,7,2,0
"266","SKEPI",2011,"Field 231","SKP-ID-WJ-BAR-DS2011-46","40",90,7,3,0
"267","SKEPI",2011,"Field 232","SKP-ID-WJ-BEK-DS2011-47","40",90,7,3,0
"268","SKEPI",2011,"Field 233","SKP-ID-WJ-BEK-DS2011-48","40",90,7,3,0
"269","SKEPI",2011,"Field 234","SKP-ID-WJ-BEK-DS2011-49","40",100,7,2,0
"270","SKEPI",2011,"Field 235","SKP-ID-WJ-BEK-DS2011-50","40",100,7,1,0
"271","SKEPI",2011,"Field 236","SKP-ID-WJ-BOG-DS2011-51","40",90,6,2,-1
"272","SKEPI",2011,"Field 237","SKP-ID-WJ-BOG-DS2011-52","40",90,7,1,0
"273","SKEPI",2011,"Field 238","SKP-ID-WJ-BOG-DS2011-53","40",100,7,4,0
"274","SKEPI",2011,"Field 239","SKP-ID-WJ-BOG-DS2011-54","40",90,1,1,-1
"275","SKEPI",2011,"Field 240","SKP-ID-WJ-BOG-DS2011-55","40",100,6,2,-1
"276","SKEPI",2011,"Field 241","SKP-ID-WJ-BOG-DS2011-56","40",90,6,2,-1
"277","SKEPI",2011,"Field 242","SKP-ID-WJ-BOG-DS2011-57","40",90,2,2,-1
"278","SKEPI",2011,"Field 243","SKP-ID-WJ-CNJ-DS2011-58","40",90,6,2,-1
"279","SKEPI",2011,"Field 244","SKP-ID-WJ-BAN-DS2011-59","40",90,6,2,-1
"280","SKEPI",2011,"Field 245","SKP-ID-WJ-BAN-DS2011-60","40",100,6,2,-1
"281","SKEPI",2011,"Field 96","SKP-IN-COI-PET-DS2010-1","50",70,6,6,-1
"282","SKEPI",2011,"Field 97","SKP-IN-COI-ANA-DS2010-2","50",70,6,7,-1
"283","SKEPI",2011,"Field 98","SKP-IN-COI-MAL-DS2010-3","50",70,7,7,0
"284","SKEPI",2011,"Field 99","SKP-IN-COI-NEL-DS2010-4","50",70,7,7,0
"285","SKEPI",2011,"Field 100","SKP-IN-COI-ANA-DS2010-5","50",70,7,7,0
"286","SKEPII",2013,"1","IDNDS1301","30",90,5,1,-1
"287","SKEPII",2013,"2","IDNDS1302","30",90,5,1,-1
"288","SKEPII",2013,"3","IDNDS1303","30",90,5,1,-1
"289","SKEPII",2013,"4","IDNDS1304","30",90,5,3,-1
"290","SKEPII",2013,"5","IDNDS1305","30",90,5,2,-1
"291","SKEPII",2013,"6","IDNDS1306","30",90,5,4,-1
"292","SKEPII",2013,"7","IDNDS1307","30",90,5,4,-1
"293","SKEPII",2013,"8","IDNDS1308","30",90,5,3,-1
"294","SKEPII",2013,"9","IDNDS1309","30",90,4,3,-1
"295","SKEPII",2013,"10","IDNDS1310","30",90,5,4,-1
"296","SKEPII",2013,"11","IDNDS1311","30",90,5,3,-1
"297","SKEPII",2013,"12","IDNDS1312","30",90,5,2,-1
"298","SKEPII",2013,"13","IDNDS1313","30",90,5,2,-1
"299","SKEPII",2013,"14","IDNDS1314","30",90,5,2,-1
"300","SKEPII",2013,"15","IDNDS1315","30",90,5,2,-1
"301","SKEPII",2013,"1","IDNWS1301","45",90,7,2,0
"302","SKEPII",2013,"2","IDNWS1302","45",90,7,2,0
"303","SKEPII",2013,"3","IDNWS1303","45",90,7,2,0
"304","SKEPII",2013,"4","IDNWS1304","45",90,7,2,0
"305","SKEPII",2013,"5","IDNWS1305","45",90,7,2,0
"306","SKEPII",2013,"6","IDNWS1306","45",90,7,2,0
"307","SKEPII",2013,"7","IDNWS1307","45",90,7,2,0
"308","SKEPII",2013,"8","IDNWS1308","45",90,7,2,0
"309","SKEPII",2013,"9","IDNWS1309","45",90,7,2,0
"310","SKEPII",2013,"10","IDNWS1310","45",90,7,2,0
"311","SKEPII",2013,"11","IDNWS1311","45",90,7,2,0
"312","SKEPII",2013,"12","IDNWS1312","45",90,7,2,0
"313","SKEPII",2013,"13","IDNWS1313","45",90,7,2,0
"314","SKEPII",2013,"14","IDNWS1314","45",90,7,2,0
"315","SKEPII",2013,"15","IDNWS1315","45",90,7,2,0
"316","SKEPII",2013,"1","INDodsDS1301","45",90,7,2,0
"317","SKEPII",2013,"2","INDodsDS1302","45",90,7,2,0
"318","SKEPII",2013,"3","INDodsDS1303","45",90,7,2,0
"319","SKEPII",2013,"4","INDodsDS1304","45",90,7,2,0
"320","SKEPII",2013,"5","INDodsDS1305","45",90,7,2,0
"321","SKEPII",2013,"6","INDodsDS1306","45",90,7,2,0
"322","SKEPII",2013,"7","INDodsDS1307","45",90,7,2,0
"323","SKEPII",2013,"8","INDodsDS1308","45",90,7,2,0
"324","SKEPII",2013,"9","INDodsDS1309","45",90,7,2,0
"325","SKEPII",2013,"10","INDodsDS1310","45",90,7,2,0
"326","SKEPII",2013,"11","INDodsDS1311","45",90,7,2,0
"327","SKEPII",2013,"12","INDodsDS1312","45",90,7,2,0
"328","SKEPII",2013,"13","INDodsDS1313","45",90,7,2,0
"329","SKEPII",2013,"14","INDodsDS1314","45",90,7,2,0
"330","SKEPII",2013,"15","INDodsDS1315","45",90,7,2,0
"331","SKEPII",2013,"1","INDodsWS1301","45",90,7,2,0
"332","SKEPII",2013,"2","INDodsWS1302","45",90,7,2,0
"333","SKEPII",2013,"3","INDodsWS1303","45",90,7,2,0
"334","SKEPII",2013,"4","INDodsWS1304","45",90,7,2,0
"335","SKEPII",2013,"5","INDodsWS1305","45",90,7,2,0
"336","SKEPII",2013,"6","INDodsWS1306","45",90,7,2,0
"337","SKEPII",2013,"7","INDodsWS1307","45",90,7,2,0
"338","SKEPII",2013,"8","INDodsWS1308","45",90,7,2,0
"339","SKEPII",2013,"9","INDodsWS1309","45",90,7,2,0
"340","SKEPII",2013,"10","INDodsWS1310","45",90,7,2,0
"341","SKEPII",2013,"11","INDodsWS1311","45",90,7,2,0
"342","SKEPII",2013,"12","INDodsWS1312","45",90,7,2,0
"343","SKEPII",2013,"1","INDkutDS1301","40",90,7,6,0
"344","SKEPII",2013,"2","INDkutDS1302","40",90,7,4,0
"345","SKEPII",2013,"3","INDkutDS1303","40",90,7,4,0
"346","SKEPII",2013,"4","INDkutDS1304","40",90,7,4,0
"347","SKEPII",2013,"5","INDkutDS1305","40",90,7,4,0
"348","SKEPII",2013,"6","INDkutDS1306","40",90,7,4,0
"349","SKEPII",2013,"7","INDkutDS1307","40",90,7,4,0
"350","SKEPII",2013,"8","INDkutDS1308","40",90,7,4,0
"351","SKEPII",2013,"9","INDkutDS1309","40",90,7,4,0
"352","SKEPII",2013,"10","INDkutDS1310","40",90,7,4,0
"353","SKEPII",2013,"11","INDkutDS1311","40",90,7,4,0
"354","SKEPII",2013,"12","INDkutDS1312","40",90,7,4,0
"355","SKEPII",2013,"13","INDkutDS1313","40",90,7,4,0
"356","SKEPII",2013,"14","INDkutDS1314","40",90,7,4,0
"357","SKEPII",2013,"15","INDkutDS1315","40",90,7,4,0
"358","SKEPII",2013,"1","INDkutWS1301","40",90,7,4,0
"359","SKEPII",2013,"2","INDkutWS1302","40",90,7,4,0
"360","SKEPII",2013,"3","INDkutWS1303","40",90,7,4,0
"361","SKEPII",2013,"4","INDkutWS1304","40",90,7,4,0
"362","SKEPII",2013,"5","INDkutWS1305","40",90,7,4,0
"363","SKEPII",2013,"6","INDkutWS1306","40",90,7,4,0
"364","SKEPII",2013,"7","INDkutWS1307","40",90,7,4,0
"365","SKEPII",2013,"8","INDkutWS1308","40",90,7,4,0
"366","SKEPII",2013,"9","INDkutWS1309","40",90,7,4,0
"367","SKEPII",2013,"10","INDkutWS1310","40",90,7,4,0
"368","SKEPII",2013,"11","INDkutWS1311","40",90,7,4,0
"369","SKEPII",2013,"12","INDkutWS1312","40",90,7,4,0
"370","SKEPII",2013,"13","INDkutWS1313","40",90,7,4,0
"371","SKEPII",2013,"14","INDkutWS1314","40",90,7,4,0
"372","SKEPII",2013,"15","INDkutWS1315","40",90,7,4,0
"373","SKEPII",2013,"1","THAWS1301","40",90,7,2,0
"374","SKEPII",2013,"2","THAWS1302","40",90,7,2,0
"375","SKEPII",2013,"3","THAWS1303","40",90,7,2,0
"376","SKEPII",2013,"4","THAWS1304","40",90,7,2,0
"377","SKEPII",2013,"5","THAWS1305","40",90,7,2,0
"378","SKEPII",2013,"6","THAWS1306","30",90,7,2,0
"379","SKEPII",2013,"7","THAWS1307","30",90,7,2,0
"380","SKEPII",2013,"8","THAWS1308","30",90,7,2,0
"381","SKEPII",2013,"9","THAWS1309","30",90,7,2,0
"382","SKEPII",2013,"10","THAWS1310","30",90,7,2,0
"383","SKEPII",2013,"11","THAWS1311","30",90,7,2,0
"384","SKEPII",2013,"12","THAWS1312","40",100,7,2,0
"385","SKEPII",2013,"13","THAWS1313","30",90,7,2,0
"386","SKEPII",2013,"14","THAWS1314","30",100,7,2,0
"387","SKEPII",2013,"15","THAWS1315","30",90,7,2,0
"388","SKEPII",2013,"16","THAWS1316","30",100,7,2,0
"389","SKEPII",2013,"17","THAWS1317","30",100,7,2,0
"390","SKEPII",2013,"18","THAWS1318","30",100,7,2,0
"391","SKEPII",2013,"19","THAWS1319","30",100,7,2,0
"392","SKEPII",2013,"20","THAWS1320","30",100,7,2,0
"393","SKEPII",2013,"1","VNMWS1301","40",90,8,8,-1
"394","SKEPII",2013,"2","VNMWS1302","40",90,7,9,0
"395","SKEPII",2013,"3","VNMWS1303","40",90,5,7,-1
"396","SKEPII",2013,"4","VNMWS1304","40",90,7,7,0
"397","SKEPII",2013,"5","VNMWS1305","40",90,7,9,0
"398","SKEPII",2013,"6","VNMWS1306","40",90,9,6,0
"399","SKEPII",2013,"7","VNMWS1307","40",90,5,5,-1
"400","SKEPII",2013,"8","VNMWS1308","40",90,5,5,-1
"401","SKEPII",2013,"9","VNMWS1309","40",90,6,6,-1
"402","SKEPII",2013,"10","VNMWS1310","40",90,5,5,-1
"403","SKEPII",2013,"11","VNMWS1311","40",90,7,2,0
"404","SKEPII",2013,"12","VNMWS1312","40",90,7,7,0
"405","SKEPII",2013,"13","VNMWS1313","40",90,7,7,0
"406","SKEPII",2013,"14","VNMWS1314","40",90,7,3,0
"407","SKEPII",2013,"15","VNMWS1315","40",90,7,3,0
"408","SKEPII",2013,"16","VNMWS1316","40",90,5,5,-1
"409","SKEPII",2013,"17","VNMWS1317","40",90,5,5,-1
"410","SKEPII",2013,"18","VNMWS1318","40",90,7,7,0
"411","SKEPII",2013,"19","VNMWS1319","40",90,7,5,0
"412","SKEPII",2013,"20","VNMWS1320","40",90,7,5,0
"413","SKEPII",2013,"21","VNMWS1321","40",90,7,5,0
"414","SKEPII",2013,"22","VNMWS1322","40",90,5,5,-1
"415","SKEPII",2013,"23","VNMWS1323","40",90,11,5,-1
"416","SKEPII",2013,"24","VNMWS1324","40",90,7,5,0
"417","SKEPII",2013,"25","VNMWS1325","40",90,7,7,0
"418","SKEPII",2013,"26","VNMWS1326","40",90,7,11,0
"419","SKEPII",2013,"27","VNMWS1327","40",90,7,7,0
"420","SKEPII",2013,"28","VNMWS1328","40",90,7,7,0
"421","SKEPII",2013,"29","VNMWS1329","40",90,7,7,0
"422","SKEPII",2013,"30","VNMWS1330","40",90,7,7,0
